(no author) = unknown <svn+unknown@eiffel.com>
akhi = Anthon Akhi <svn+akhi@eiffel.com>
alexk = Alexander Kogtenkov <alexk@eiffel.com>
bmeyer = Bertrand Meyer <bmeyer@eiffel.com>
davids = davids <svn+davids@eiffel.com>
dhollen = David hollenberg <svn+dhollen@eiffel.com>
ericb = Eric Bezault <ericb@gobosoft.com>
fivaa = Arno Fiva <svn+fivaa@eiffel.com>
HalW = Hal Werber <halw@eiffel.com>
jasonw = Jason Wei <svn+jasonw@eiffel.com>
jfiat = Jocelyn Fiat <jfiat@eiffel.com>
julian = julian <svn+julian@eiffel.com>
kenga = kenga <svn+kenga@eiffel.com>
king = Ian King <king@eiffel.com>
larryl = Liu Ming <svn+larryl@eiffel.com>
manus = Emmanuel Stapf <manus@eiffel.com>
tedf = Tao Feng <tedf@eiffel.com>
picmarco = Marco Piccioni <svn+picmarco@eiffel.com>
maxpei = Max Pei <svn+maxpei@eiffel.com>
mschill = mschill <svn+mschill@eiffel.com>
romanschmocker = romanschmocker <svn+romanschmocker@eiffel.com>
sualitu = sualitu <svn+sualitu@eiffel.com>
raphaels = raphaels <svn+raphaels@eiffel.com>
robino = robino <svn+robino@eiffel.com>
roederja = roederja <svn+roederja@eiffel.com>
rogers = rogers <svn+rogers@eiffel.com>
sam = sam <svn+sam@eiffel.com>
samik = samik <svn+samik@eiffel.com>
savraks = savraks <svn+savraks@eiffel.com>
sireude = sireude <svn+sireude@eiffel.com>
solal = solal <svn+solal@eiffel.com>
sylvaind = sylvaind <svn+sylvaind@eiffel.com>
tanit = tanit <svn+tanit@eiffel.com>
terryt = terryt <svn+terryt@eiffel.com>
upeter = upeter <svn+upeter@eiffel.com>
varsw = varsw <svn+varsw@eiffel.com>
wests = wests <svn+wests@eiffel.com>
wong = wong <svn+wong@eiffel.com>
xavier = xavier <svn+xavier@eiffel.com>
xavierl = xavierl <svn+xavierl@eiffel.com>
xvierl = xvierl <svn+xvierl@eiffel.com>
zorans = zorans <svn+zorans@eiffel.com>
zurfluhs = zurfluhs <svn+zurfluhs@eiffel.com>
